Store_ID,Product_ID,Product_Category,Store_Location,Units_Sold,Unit_Price,Discount,Advertising_Expense,Holiday_Season,Sales_Revenue
52,1033,Furniture,Suburban,22,376.99,0.19,5929.53,1,7604.94
93,1007,Electronics,Urban,26,184.92,0.09,1803.74,0,4607.44
15,1039,Clothing,Urban,21,321.02,0.11,6776.27,0,6777.04
72,1082,Furniture,Suburban,16,101.35,0.23,6554.24,1,2485.39
61,1041,Grocery,Suburban,21,377.19,0.24,5061.64,0,6052.89
21,1040,Furniture,Suburban,23,277.39,0.12,5896.9,1,6127.61
83,1005,Clothing,Urban,26,109.99,0.28,5793.16,1,2953.67
87,1051,Clothing,Rural,24,153.04,0.12,4824.69,1,3938.8
75,1025,Furniture,Rural,24,376.82,0.23,2939.17,1,7472.19
75,1063,Furniture,Suburban,14,246.47,0.15,6450.91,0,3358.76
88,1097,Electronics,Rural,26,115.86,0.27,7110.85,0,2700.7
100,1058,Clothing,Suburban,18,483.96,0.27,3187.11,1,6950.8
24,1055,Furniture,Urban,16,360.41,0.03,2883.12,1,6212.9
3,1058,Furniture,Rural,18,479.0,0.28,4794.8,1,6895.17
22,1069,Clothing,Urban,20,219.28,0.25,4060.66,1,4009.93
53,1032,Furniture,Rural,19,242.8,0.24,5217.42,1,4475.19
2,1052,Electronics,Urban,24,450.0,0.06,6811.99,0,10377.02
88,1021,Clothing,Rural,31,267.27,0.24,1631.49,1,6850.32
30,1020,Electronics,Urban,19,356.57,0.26,7371.91,1,5902.11
38,1069,Electronics,Urban,27,133.56,0.09,4390.0,0,3599.72
2,1069,Electronics,Rural,26,228.9,0.29,5767.67,0,4669.07
64,1003,Electronics,Urban,20,70.49,0.01,5928.09,0,2200.56
60,1093,Clothing,Urban,28,110.93,0.04,6103.01,0,3501.37
21,1074,Electronics,Urban,20,10.46,0.16,5092.86,0,649.56
33,1061,Electronics,Rural,23,29.24,0.17,5443.34,0,877.04
76,1061,Furniture,Rural,14,488.87,0.19,5433.53,0,5719.49
58,1093,Clothing,Urban,18,128.75,0.01,4054.58,0,2491.41
22,1094,Clothing,Urban,17,335.02,0.29,2362.92,0,4119.77
89,1023,Grocery,Rural,31,421.16,0.01,3171.22,1,13762.41
49,1054,Clothing,Rural,25,279.82,0.04,4843.64,0,6727.61
91,1008,Clothing,Urban,25,85.04,0.0,3819.79,1,3035.5
59,1002,Grocery,Urban,24,366.78,0.17,3823.26,1,8073.97
42,1030,Clothing,Urban,21,304.12,0.28,7698.88,1,5729.91
92,1039,Clothing,Suburban,20,368.31,0.2,6288.34,1,6662.6
60,1035,Clothing,Rural,19,387.18,0.25,4621.89,1,6168.14
80,1023,Clothing,Suburban,11,487.95,0.0,6008.05,1,6186.52
15,1094,Grocery,Rural,30,291.05,0.16,4369.6,1,8066.81
62,1005,Clothing,Rural,30,177.4,0.14,5166.09,1,5596.49
62,1065,Clothing,Rural,17,327.75,0.15,5662.44,0,5278.47
47,1083,Grocery,Rural,20,43.54,0.02,4373.59,1,2053.07
62,1091,Furniture,Rural,23,449.72,0.21,3972.12,1,8870.92
51,1074,Electronics,Rural,12,68.5,0.15,6835.9,1,970.98
55,1003,Furniture,Rural,17,170.64,0.23,5921.17,1,3047.85
64,1078,Grocery,Suburban,17,409.72,0.15,1618.08,0,6147.49
3,1005,Electronics,Urban,28,302.68,0.04,3997.8,1,9078.83
51,1093,Grocery,Urban,27,202.88,0.19,3828.09,0,4789.11
7,1050,Grocery,Suburban,20,241.98,0.05,4068.29,0,4801.78
21,1061,Clothing,Suburban,21,428.73,0.26,6293.6,1,7919.98
73,1056,Electronics,Suburban,22,176.6,0.18,5028.81,1,3830.56
39,1065,Clothing,Suburban,26,436.13,0.05,2915.56,0,10963.26
18,1078,Electronics,Rural,19,53.19,0.29,4425.18,1,1322.81
4,1074,Grocery,Urban,22,390.63,0.16,5812.61,1,8113.39
89,1007,Grocery,Rural,22,425.3,0.02,4670.53,0,9820.8
60,1025,Furniture,Urban,24,99.09,0.19,4032.99,0,2199.77
14,1050,Electronics,Urban,20,220.87,0.08,5496.83,1,4911.89
9,1044,Clothing,Suburban,24,91.09,0.24,7427.29,1,2293.65
90,1043,Furniture,Rural,20,356.24,0.25,5692.14,1,6170.81
53,1004,Furniture,Suburban,14,272.32,0.29,6951.41,0,3384.53
2,1069,Furniture,Rural,17,321.31,0.15,4133.58,1,5399.56
84,1025,Clothing,Urban,20,106.28,0.14,4987.46,0,2113.83
92,1067,Furniture,Suburban,17,113.76,0.23,4957.17,0,2058.12
60,1018,Clothing,Suburban,23,30.33,0.04,5178.02,1,1465.87
71,1083,Furniture,Urban,13,167.81,0.16,5660.78,0,2473.93
44,1096,Clothing,Urban,17,284.27,0.16,3621.55,1,4583.53
8,1019,Grocery,Urban,17,430.39,0.03,5971.0,1,8131.25
47,1011,Grocery,Suburban,27,336.79,0.13,2558.17,0,8468.37
35,1046,Grocery,Rural,27,223.34,0.26,2996.37,1,5413.72
78,1000,Grocery,Suburban,32,477.03,0.26,8203.44,0,11432.79
81,1089,Grocery,Rural,23,362.43,0.03,4234.82,0,8269.89
36,1013,Furniture,Suburban,18,465.78,0.03,6094.28,1,8988.84
50,1063,Furniture,Suburban,23,268.52,0.08,7547.44,1,6861.25
4,1037,Furniture,Urban,15,136.86,0.26,1528.32,1,1929.24
2,1036,Clothing,Rural,23,35.89,0.04,6689.37,1,1523.13
6,1010,Clothing,Suburban,22,365.78,0.22,5973.42,0,6354.43
54,1099,Clothing,Suburban,20,69.44,0.03,7460.6,0,1655.01
4,1076,Clothing,Urban,19,158.36,0.19,3227.72,0,2448.23
54,1002,Grocery,Urban,18,270.91,0.11,7176.88,1,5618.4
93,1032,Grocery,Rural,19,286.56,0.24,3890.88,0,4302.99
63,1005,Grocery,Suburban,25,304.29,0.07,6582.17,0,7642.04
18,1049,Electronics,Rural,22,91.47,0.19,4945.97,1,2480.89
90,1009,Furniture,Suburban,26,196.07,0.07,6156.15,1,5649.57
44,1004,Clothing,Rural,22,312.43,0.21,5073.3,1,6165.41
34,1022,Clothing,Urban,17,485.21,0.26,2240.9,0,6469.99
74,1009,Grocery,Suburban,22,366.54,0.04,319.18,1,8388.15
62,1043,Clothing,Rural,17,462.08,0.26,5314.87,0,6198.06
100,1001,Clothing,Urban,19,383.48,0.18,4604.4,0,6186.15
14,1012,Furniture,Urban,16,299.94,0.04,5597.33,0,4900.99
95,1039,Grocery,Rural,17,104.09,0.13,4621.77,0,1988.36
48,1001,Furniture,Suburban,11,336.68,0.05,8027.12,0,4065.67
15,1083,Electronics,Suburban,20,315.46,0.21,5345.81,1,5876.25
72,1064,Electronics,Urban,25,305.21,0.23,4329.58,0,6040.96
78,1062,Electronics,Suburban,18,250.0,0.03,5506.04,1,5629.12
87,1072,Grocery,Suburban,19,269.04,0.15,4356.99,0,4566.9
62,1016,Clothing,Suburban,19,173.88,0.24,5139.4,0,2861.75
40,1008,Grocery,Urban,21,264.46,0.28,3173.78,1,4719.92
85,1074,Grocery,Rural,20,106.8,0.15,4987.12,0,2555.9
80,1014,Clothing,Suburban,17,404.54,0.29,4283.22,0,5138.8
82,1023,Furniture,Urban,24,101.03,0.16,3315.9,1,2726.09
53,1037,Electronics,Urban,35,51.63,0.12,7963.6,1,2612.05
24,1034,Furniture,Rural,24,223.76,0.25,3374.4,0,4157.69
26,1093,Electronics,Suburban,17,332.57,0.15,5010.45,0,5178.48
89,1094,Grocery,Suburban,17,224.48,0.14,3795.79,0,4046.01
60,1048,Electronics,Rural,20,145.61,0.15,5445.56,1,3407.59
41,1068,Grocery,Rural,18,283.5,0.25,3088.42,0,4134.32
29,1061,Furniture,Urban,17,180.03,0.25,6260.54,1,3064.83
15,1059,Grocery,Urban,19,467.11,0.12,8054.23,1,9154.63
45,1049,Furniture,Rural,17,462.1,0.1,3740.69,0,7744.97
65,1077,Clothing,Suburban,16,256.16,0.15,6825.45,1,4595.58
89,1074,Clothing,Urban,20,170.66,0.17,4427.18,0,3285.08
71,1008,Clothing,Urban,20,371.19,0.07,7258.69,0,7320.12
9,1033,Grocery,Suburban,12,27.99,0.24,8282.75,1,1347.67
88,1075,Clothing,Urban,16,242.64,0.15,4649.44,1,3965.34
1,1098,Electronics,Suburban,14,174.8,0.1,2719.6,1,2713.24
8,1034,Furniture,Suburban,24,461.06,0.03,6422.13,1,11357.11
88,1000,Furniture,Suburban,22,15.88,0.07,5336.63,1,1273.87
63,1039,Electronics,Rural,22,280.88,0.28,5752.69,1,5061.1
11,1063,Grocery,Rural,18,372.93,0.09,4490.23,0,6333.18
81,1021,Grocery,Rural,17,247.66,0.05,3673.26,0,4271.13
8,1059,Furniture,Suburban,26,51.85,0.14,6740.52,0,1795.45
35,1063,Clothing,Suburban,11,486.51,0.09,5479.68,1,5628.31
35,1092,Grocery,Rural,19,263.83,0.01,2834.66,1,5927.03
33,1071,Grocery,Urban,31,310.95,0.1,6030.31,1,9764.85
5,1010,Electronics,Suburban,16,125.94,0.16,5729.25,0,1864.83
41,1013,Electronics,Urban,22,246.91,0.17,4512.05,0,5058.74
28,1059,Clothing,Urban,17,220.28,0.11,7429.72,1,4247.61
7,1029,Grocery,Suburban,19,46.7,0.13,4072.74,1,1475.8
73,1034,Grocery,Suburban,19,62.02,0.29,4746.52,1,1618.11
72,1084,Electronics,Urban,15,420.36,0.11,6152.97,1,6518.75
12,1036,Grocery,Urban,16,127.51,0.08,5115.14,0,2149.7
34,1004,Furniture,Rural,17,105.53,0.07,2923.37,0,1746.66
33,1082,Electronics,Rural,21,257.41,0.14,5275.7,0,4862.36
48,1077,Clothing,Suburban,31,386.69,0.23,4378.42,1,10077.0
23,1025,Electronics,Rural,15,40.35,0.06,6285.49,0,951.12
62,1061,Grocery,Rural,23,292.64,0.21,5226.83,1,6284.07
88,1003,Clothing,Rural,22,68.41,0.01,5141.76,1,2357.53
37,1088,Electronics,Rural,15,27.87,0.13,3427.62,1,1150.49
99,1041,Furniture,Urban,24,35.84,0.23,4654.96,0,1113.63
44,1088,Furniture,Suburban,18,418.74,0.1,6455.15,0,7490.13
86,1017,Electronics,Rural,16,67.81,0.17,3835.2,1,1984.08
91,1039,Furniture,Urban,16,32.12,0.06,4951.17,0,1098.72
35,1071,Furniture,Urban,25,224.57,0.22,3595.33,1,5332.97
65,1038,Furniture,Urban,13,423.56,0.02,3224.24,1,6574.45
99,1013,Clothing,Rural,22,138.58,0.26,4872.71,1,3187.28
47,1031,Furniture,Rural,17,216.64,0.06,5260.7,0,3890.05
78,1050,Furniture,Suburban,18,29.56,0.26,7990.79,0,1342.06
3,1037,Furniture,Rural,30,230.05,0.11,4316.81,1,6412.98
1,1096,Clothing,Rural,18,293.03,0.22,4924.75,0,4417.6
5,1022,Electronics,Urban,16,289.74,0.1,3124.89,0,4679.0
90,1062,Grocery,Suburban,18,172.89,0.27,5918.36,0,2863.75
14,1014,Furniture,Rural,16,164.61,0.04,5597.14,0,3421.4
27,1096,Electronics,Rural,28,62.25,0.05,7232.59,1,2638.98
9,1024,Furniture,Urban,20,189.73,0.15,6667.43,0,3572.62
79,1016,Clothing,Urban,8,58.75,0.02,5527.11,1,1270.54
15,1096,Electronics,Rural,21,385.63,0.06,4294.89,1,8490.69
90,1065,Clothing,Suburban,21,483.47,0.28,5307.0,0,7999.75
42,1077,Furniture,Suburban,24,485.34,0.29,4833.48,1,9438.7
77,1052,Furniture,Urban,18,433.88,0.11,6430.1,1,7861.06
51,1050,Clothing,Urban,29,304.39,0.28,6239.35,0,6818.23
63,1038,Grocery,Rural,19,353.42,0.16,4555.38,1,6346.03
96,1050,Clothing,Urban,20,149.75,0.08,2807.01,1,3394.31
52,1069,Furniture,Rural,16,319.08,0.21,7000.08,0,4692.43
96,1005,Clothing,Suburban,15,233.27,0.2,5872.81,0,3513.32
4,1066,Grocery,Suburban,25,246.19,0.3,4520.76,0,4494.91
94,1006,Clothing,Rural,12,381.31,0.08,5814.31,0,4648.97
23,1050,Grocery,Urban,29,148.14,0.2,5112.29,0,3743.85
15,1071,Grocery,Suburban,19,165.84,0.02,6977.93,1,4209.61
43,1041,Clothing,Urban,25,463.07,0.03,2105.33,1,11857.01
29,1063,Clothing,Suburban,23,37.55,0.0,4404.21,0,798.57
36,1014,Electronics,Rural,22,247.96,0.3,7398.58,0,4489.25
13,1028,Furniture,Rural,26,457.27,0.24,5844.8,1,9867.2
32,1032,Grocery,Rural,17,309.08,0.24,7658.91,0,4436.37
71,1093,Electronics,Suburban,8,277.74,0.15,3167.29,0,2234.11
59,1026,Clothing,Urban,24,132.37,0.09,6608.3,1,3891.94
86,1035,Furniture,Urban,19,178.2,0.05,6518.34,1,4233.65
28,1028,Electronics,Urban,16,427.5,0.09,2477.41,1,6622.32
66,1037,Grocery,Suburban,17,284.02,0.11,4556.75,0,4736.32
42,1056,Electronics,Suburban,33,262.22,0.23,4840.21,1,7123.21
45,1096,Grocery,Suburban,22,58.79,0.16,2570.67,0,1468.89
62,1026,Clothing,Suburban,25,17.85,0.02,4588.1,1,1490.41
57,1054,Furniture,Suburban,17,482.21,0.01,6309.77,0,8257.38
6,1032,Furniture,Urban,15,194.72,0.03,4413.62,0,3219.54
28,1067,Furniture,Suburban,18,305.57,0.12,5363.2,0,5419.82
28,1085,Clothing,Suburban,22,49.06,0.28,5374.06,1,1556.01
44,1065,Grocery,Urban,21,344.73,0.19,4981.78,1,6847.67
84,1009,Clothing,Suburban,15,466.96,0.24,3942.23,1,5563.37
30,1004,Furniture,Urban,9,292.08,0.14,5988.22,0,2879.75
62,1073,Clothing,Urban,21,71.8,0.11,2619.45,1,2078.91
75,1096,Clothing,Rural,23,295.04,0.03,5012.88,1,7381.42
92,1037,Clothing,Rural,13,385.51,0.26,7078.23,0,4359.33
89,1012,Grocery,Rural,20,209.14,0.23,4328.94,0,3883.06
62,1030,Electronics,Rural,28,441.12,0.05,3909.02,1,12626.39
97,1046,Electronics,Suburban,23,327.85,0.15,6088.27,1,7635.62
1,1099,Clothing,Rural,19,450.63,0.15,5245.15,1,7829.28
27,1087,Electronics,Urban,23,315.52,0.19,6118.17,0,6417.24
62,1051,Electronics,Suburban,26,74.33,0.28,5057.75,1,2217.94
77,1055,Clothing,Rural,24,161.75,0.17,1417.56,0,3235.29
3,1014,Clothing,Urban,18,108.88,0.16,6769.87,0,1699.02
70,1028,Furniture,Suburban,23,455.32,0.02,8105.04,1,11390.52
72,1007,Electronics,Suburban,20,382.6,0.02,6926.06,1,8620.32
27,1004,Grocery,Rural,15,341.44,0.06,-308.29,0,5167.29
9,1028,Clothing,Suburban,23,157.47,0.01,5676.63,0,4204.72
62,1046,Furniture,Urban,33,100.18,0.22,4299.88,1,3239.29
37,1067,Grocery,Suburban,16,380.66,0.22,3373.63,1,5777.46
97,1075,Electronics,Urban,25,242.34,0.04,5184.1,1,6954.63
51,1044,Furniture,Suburban,33,120.64,0.25,4776.58,0,3272.67
44,1001,Clothing,Rural,20,312.14,0.05,5762.99,0,6324.5
24,1026,Grocery,Urban,26,29.76,0.09,5084.87,1,1371.53
79,1094,Clothing,Suburban,24,169.82,0.07,3318.78,0,4352.5
59,1035,Electronics,Suburban,19,239.59,0.11,4135.1,0,4055.86
32,1035,Grocery,Suburban,26,82.5,0.08,3893.06,1,2875.05
96,1025,Electronics,Urban,17,492.48,0.15,2425.28,0,7218.23
88,1042,Electronics,Urban,26,112.46,0.12,2942.53,1,3098.64
52,1026,Furniture,Urban,24,73.87,0.3,4683.4,1,1700.24
62,1068,Clothing,Rural,22,109.73,0.02,7135.63,0,2779.48
58,1019,Grocery,Rural,17,386.84,0.04,4196.66,0,6370.14
52,1010,Electronics,Urban,18,218.5,0.02,3863.85,1,4658.82
12,1073,Electronics,Suburban,18,287.05,0.19,3228.07,0,4800.46
39,1037,Grocery,Rural,19,20.29,0.02,5045.8,1,1269.99
2,1005,Electronics,Urban,24,26.87,0.25,6768.89,0,1321.56
3,1071,Furniture,Suburban,19,228.45,0.15,8004.02,0,3993.21
56,1022,Furniture,Rural,18,410.16,0.16,5428.1,0,6316.84
81,1046,Furniture,Suburban,22,443.77,0.17,5209.99,1,8758.34
59,1089,Furniture,Suburban,22,52.49,0.05,4184.79,0,1393.26
2,1045,Electronics,Suburban,19,273.8,0.06,4435.15,1,6256.42
2,1011,Grocery,Suburban,13,457.48,0.1,5943.76,1,5917.28
92,1089,Grocery,Rural,17,200.11,0.18,4527.69,1,3739.85
54,1012,Grocery,Rural,20,416.49,0.06,4756.58,0,8027.85
87,1061,Grocery,Rural,34,75.51,0.03,4961.98,1,3293.66
96,1081,Clothing,Urban,19,468.34,0.29,4113.76,1,6871.99
97,1088,Grocery,Rural,23,378.2,0.01,4887.53,0,9131.82
1,1096,Clothing,Suburban,18,471.25,0.24,1970.89,1,7136.46
19,1059,Clothing,Rural,17,341.54,0.24,5823.25,1,5521.35
2,1042,Furniture,Suburban,20,188.07,0.09,8527.66,0,3984.31
53,1075,Clothing,Urban,17,469.71,0.04,4171.93,1,8087.94
44,1099,Electronics,Suburban,12,145.03,0.04,5560.76,0,2268.09
90,1067,Clothing,Suburban,30,172.76,0.21,6277.36,1,4605.68
32,1004,Furniture,Suburban,13,353.4,0.19,6920.32,1,4293.34
70,1036,Clothing,Urban,22,385.0,0.23,4603.52,0,6668.64
32,1071,Electronics,Rural,17,465.41,0.28,2295.02,1,6230.6
68,1091,Electronics,Rural,32,110.35,0.21,5400.85,1,3938.89
55,1030,Electronics,Urban,22,401.02,0.05,5192.94,1,9206.73
75,1008,Furniture,Suburban,21,371.89,0.07,4481.5,0,7836.56
56,1050,Furniture,Rural,17,41.26,0.25,4799.73,0,752.47
17,1028,Grocery,Urban,13,199.74,0.06,5215.52,0,2865.13
38,1077,Furniture,Rural,29,148.56,0.02,5542.64,0,4694.02
24,1039,Electronics,Urban,26,159.2,0.21,5479.71,0,3783.17
69,1040,Electronics,Suburban,21,491.64,0.12,4673.47,1,9826.2
98,1085,Furniture,Rural,22,324.96,0.28,5576.42,0,5450.62
70,1010,Clothing,Urban,16,361.66,0.2,4572.45,0,4898.24
86,1022,Furniture,Rural,31,488.54,0.03,5963.04,0,14758.07
11,1000,Furniture,Rural,25,194.83,0.28,4058.84,1,4293.1
16,1045,Electronics,Rural,13,402.9,0.08,5109.59,1,5597.43
97,1020,Grocery,Rural,19,222.92,0.1,2564.39,0,4156.17
73,1089,Electronics,Urban,19,436.07,0.12,4445.13,1,8131.61
59,1035,Grocery,Suburban,19,98.52,0.02,5851.23,1,2994.28
70,1053,Electronics,Urban,21,474.37,0.15,3449.4,1,9253.99
80,1086,Furniture,Urban,16,117.2,0.04,4519.85,1,2513.74
93,1056,Electronics,Urban,13,169.85,0.12,1392.4,0,2124.24
3,1000,Electronics,Suburban,26,380.53,0.11,2947.89,0,9197.69
20,1062,Electronics,Rural,16,202.94,0.23,3340.29,1,2912.59
59,1053,Furniture,Rural,16,308.02,0.24,5152.63,1,4460.1
36,1054,Furniture,Rural,19,227.84,0.05,5500.11,1,4848.68
19,1039,Furniture,Suburban,21,373.76,0.11,4915.92,1,7913.57
90,1014,Furniture,Rural,21,121.88,0.11,4426.11,0,2704.7
67,1020,Grocery,Suburban,22,38.64,0.05,4431.35,1,1649.39
19,1046,Grocery,Rural,23,156.97,0.24,6074.07,0,2651.81
20,1072,Clothing,Rural,12,242.41,0.21,5319.23,1,2833.62
96,1052,Furniture,Urban,28,92.33,0.06,4499.08,0,2707.29
71,1008,Grocery,Suburban,20,183.85,0.11,6939.95,1,4119.23
52,1073,Electronics,Urban,18,205.99,0.03,7924.96,0,4093.91
33,1051,Furniture,Urban,22,38.12,0.19,3131.39,0,841.99
40,1056,Clothing,Urban,19,295.82,0.04,5783.77,0,6091.27
39,1025,Clothing,Suburban,16,443.33,0.3,9634.83,1,5588.25
82,1040,Clothing,Suburban,19,84.35,0.23,5420.31,0,1665.58
1,1034,Electronics,Rural,17,302.93,0.12,5173.16,1,5556.09
11,1062,Grocery,Urban,20,335.72,0.17,4916.4,0,6059.08
92,1024,Electronics,Rural,20,215.47,0.27,5735.27,0,3690.08
57,1089,Furniture,Urban,19,353.54,0.17,6132.35,1,6668.17
89,1074,Clothing,Suburban,17,211.26,0.05,3132.85,0,3547.7
50,1037,Electronics,Suburban,15,257.27,0.11,4960.27,1,4062.27
23,1001,Electronics,Suburban,15,13.6,0.25,1595.75,1,425.85
31,1006,Grocery,Urban,26,348.94,0.19,4686.03,1,8110.46
94,1081,Grocery,Suburban,22,334.06,0.2,3645.97,1,6506.25
42,1090,Clothing,Urban,17,28.82,0.26,5508.77,0,970.32
99,1033,Electronics,Rural,16,190.44,0.27,2515.43,0,2392.6
7,1090,Electronics,Urban,20,489.73,0.28,4231.52,1,7657.61
16,1016,Grocery,Rural,18,216.16,0.03,6449.82,0,3958.94
90,1042,Electronics,Urban,24,255.95,0.16,3985.5,0,5856.99
60,1058,Electronics,Rural,18,455.87,0.22,2142.6,1,7103.13
2,1050,Electronics,Suburban,26,361.46,0.23,5386.3,0,7449.44
1,1053,Grocery,Rural,18,295.21,0.18,4120.21,1,5188.12
48,1023,Clothing,Suburban,20,400.92,0.05,4721.17,0,8332.92
12,1024,Furniture,Suburban,23,433.54,0.24,3905.2,0,7795.6
69,1070,Clothing,Rural,21,233.88,0.22,7961.6,1,4966.44
37,1051,Furniture,Urban,22,242.8,0.03,2662.89,0,5651.79
32,1069,Electronics,Urban,23,199.16,0.14,9250.24,0,4123.61
9,1087,Clothing,Urban,14,483.69,0.05,4414.05,1,7126.1
99,1032,Furniture,Urban,23,351.61,0.1,5275.17,0,7854.3
19,1048,Grocery,Urban,15,50.78,0.01,4137.81,1,1421.11
48,1028,Grocery,Suburban,26,432.85,0.12,4075.05,0,10290.29
80,1062,Clothing,Urban,18,245.47,0.16,3822.76,1,4350.95
3,1021,Clothing,Suburban,16,43.69,0.19,5901.89,1,1372.21
20,1025,Electronics,Suburban,21,279.36,0.2,2883.8,1,5323.97
24,1027,Clothing,Suburban,11,214.41,0.25,5546.16,1,2773.52
54,1084,Electronics,Rural,16,440.1,0.06,1723.26,1,7345.58
33,1048,Electronics,Rural,31,109.96,0.04,5410.29,0,3662.7
24,1070,Grocery,Suburban,21,414.97,0.26,6273.71,0,7363.82
75,1080,Grocery,Rural,19,283.27,0.05,3088.22,1,6215.37
72,1083,Furniture,Urban,23,36.76,0.29,6018.11,0,604.95
36,1048,Grocery,Urban,15,486.2,0.25,5077.08,1,6234.92
38,1019,Grocery,Suburban,19,261.18,0.15,7397.64,0,5173.23
84,1085,Clothing,Urban,22,152.53,0.29,3717.19,0,2553.46
99,1091,Grocery,Suburban,14,240.01,0.03,9223.98,1,4738.08
89,1062,Furniture,Suburban,14,430.35,0.09,1413.83,1,6068.09
99,1060,Clothing,Urban,14,159.4,0.19,4505.74,0,2086.08
25,1048,Furniture,Rural,16,104.41,0.11,2452.15,0,1882.12
93,1070,Grocery,Urban,27,73.24,0.28,7776.58,1,2394.57
18,1000,Furniture,Urban,20,155.95,0.02,4607.45,0,3485.92
82,1095,Clothing,Suburban,12,392.22,0.16,4742.47,0,4605.69
66,1012,Electronics,Suburban,21,241.1,0.18,5664.86,1,5186.75
54,1093,Furniture,Suburban,23,121.47,0.2,4992.79,0,2612.99
35,1086,Furniture,Suburban,20,91.43,0.08,4109.36,1,2822.49
80,1050,Clothing,Rural,20,173.04,0.11,3115.03,1,4011.2
61,1055,Clothing,Rural,24,470.56,0.25,5252.77,1,9186.01
41,1082,Furniture,Rural,26,178.08,0.06,5568.25,0,5126.7
100,1061,Grocery,Suburban,12,494.18,0.25,6043.07,0,4978.25
33,1031,Furniture,Suburban,16,247.76,0.17,7869.09,1,4240.97
68,1029,Clothing,Suburban,26,97.79,0.23,1739.35,1,2240.56
33,1028,Electronics,Rural,12,446.66,0.21,4898.42,0,4303.74
14,1048,Electronics,Suburban,24,235.57,0.06,6787.61,0,6093.87
21,1044,Grocery,Urban,17,357.74,0.17,4813.22,0,5736.31
48,1092,Furniture,Urban,18,492.02,0.26,1492.74,1,7245.4
20,1029,Electronics,Suburban,12,34.59,0.13,3063.44,1,760.24
8,1015,Furniture,Urban,19,57.38,0.29,5492.85,0,931.3
7,1039,Clothing,Urban,22,363.02,0.14,5438.3,0,6915.5
67,1018,Electronics,Rural,22,148.09,0.04,6008.78,0,3196.08
17,1017,Grocery,Suburban,24,100.31,0.12,3828.49,1,3315.33
33,1000,Clothing,Suburban,21,29.29,0.29,5389.82,1,1718.19
48,1077,Grocery,Rural,20,20.7,0.1,3581.21,0,427.49
76,1046,Clothing,Urban,22,389.5,0.26,5389.94,0,6708.81
59,1065,Electronics,Urban,23,75.87,0.26,5079.82,1,1888.34
86,1091,Grocery,Suburban,24,239.18,0.11,3768.71,1,5894.27
22,1093,Grocery,Urban,21,306.89,0.02,7337.28,0,7110.52
30,1037,Clothing,Rural,15,219.89,0.22,2441.55,0,3010.53
38,1050,Grocery,Rural,23,23.28,0.09,4787.57,0,988.36
51,1062,Clothing,Suburban,16,393.92,0.23,3735.64,1,5601.04
54,1003,Clothing,Rural,16,15.15,0.13,7751.3,0,950.85
8,1000,Clothing,Rural,19,383.33,0.15,5897.6,1,7214.99
27,1007,Clothing,Suburban,20,447.72,0.23,4026.03,1,7776.97
27,1028,Electronics,Rural,12,222.09,0.11,4580.43,0,2677.86
98,1054,Clothing,Rural,18,272.42,0.13,7791.89,0,4819.37
21,1002,Furniture,Rural,22,243.72,0.11,3580.59,1,5608.72
30,1031,Grocery,Urban,17,200.71,0.11,2353.33,0,3146.12
97,1009,Furniture,Suburban,17,444.84,0.16,5436.51,1,7069.16
28,1073,Electronics,Suburban,22,448.03,0.24,5470.46,0,7665.2
64,1082,Furniture,Suburban,17,174.55,0.11,5999.05,0,2854.32
97,1033,Grocery,Urban,23,311.38,0.16,6008.94,0,6378.69
69,1096,Furniture,Urban,21,464.18,0.2,7656.06,0,8210.49
61,1086,Electronics,Suburban,22,481.41,0.08,2422.79,1,10340.73
48,1054,Clothing,Urban,24,259.39,0.08,3195.8,1,6348.16
19,1091,Furniture,Suburban,15,231.88,0.28,5993.31,1,3462.35
4,1031,Electronics,Urban,23,146.56,0.22,3341.56,0,3171.89
35,1049,Electronics,Rural,19,479.85,0.17,2815.12,1,8305.81
64,1006,Grocery,Rural,17,79.98,0.19,7798.77,1,2076.0
49,1092,Grocery,Suburban,26,294.12,0.01,2570.09,1,8112.18
17,1007,Furniture,Urban,21,148.45,0.19,4473.09,0,2804.18
44,1064,Clothing,Urban,22,146.71,0.15,4910.95,1,3827.09
92,1056,Electronics,Rural,18,208.43,0.16,6963.7,0,3807.14
30,1066,Furniture,Rural,25,499.41,0.11,2196.8,0,11515.31
93,1087,Electronics,Urban,21,36.93,0.02,5623.21,1,1828.35
46,1086,Electronics,Urban,18,293.49,0.06,3664.43,0,5336.42
6,1058,Clothing,Urban,14,50.46,0.29,5941.42,1,1478.88
99,1071,Clothing,Urban,18,85.72,0.12,3639.79,1,2188.74
37,1053,Furniture,Urban,21,225.39,0.14,7358.46,1,4955.09
24,1066,Clothing,Urban,22,260.13,0.02,3648.54,1,6407.57
93,1050,Clothing,Suburban,22,136.81,0.01,1307.03,1,3688.19
46,1096,Furniture,Urban,22,165.06,0.22,3816.73,0,3249.9
53,1091,Clothing,Rural,21,52.61,0.16,4608.05,1,1778.49
95,1007,Grocery,Suburban,19,158.58,0.15,6623.53,0,3413.28
99,1033,Electronics,Urban,18,483.61,0.07,3112.38,1,8609.29
60,1034,Electronics,Rural,21,472.91,0.22,3142.03,1,8654.26
97,1095,Electronics,Suburban,28,174.09,0.05,6440.87,1,5544.59
63,1087,Electronics,Rural,20,289.72,0.06,2937.16,0,5694.02
85,1077,Furniture,Urban,22,455.7,0.14,4731.52,0,8795.9
32,1031,Electronics,Urban,23,13.03,0.09,4762.02,0,814.69
87,1045,Electronics,Urban,10,407.23,0.07,5326.37,0,4284.13
33,1015,Electronics,Urban,22,474.7,0.19,3875.23,1,9419.64
67,1067,Electronics,Suburban,18,54.75,0.2,3609.51,1,1602.72
18,1036,Grocery,Suburban,15,89.11,0.25,5502.34,0,1312.63
25,1053,Electronics,Rural,23,480.77,0.13,3656.01,0,9889.7
95,1084,Grocery,Urban,22,273.39,0.02,2960.05,0,6228.98
54,1013,Furniture,Rural,15,16.96,0.08,6841.7,1,775.02
58,1094,Clothing,Suburban,21,136.24,0.29,5732.14,0,2592.53
67,1054,Electronics,Urban,23,230.47,0.18,7651.25,0,5314.47
46,1047,Clothing,Urban,22,349.53,0.21,6175.95,1,7079.7
24,1081,Clothing,Suburban,15,369.25,0.0,3097.78,0,5737.45
32,1006,Furniture,Suburban,24,497.76,0.16,5144.55,1,10859.82
47,1073,Clothing,Suburban,20,150.88,0.01,3476.56,1,3902.76
86,1006,Grocery,Suburban,19,273.73,0.17,2522.59,1,4991.19
23,1032,Clothing,Suburban,21,271.33,0.28,4329.2,1,5092.7
66,1022,Clothing,Urban,28,208.77,0.29,6472.3,1,5039.13
27,1084,Clothing,Suburban,21,92.89,0.16,5412.37,0,2352.03
2,1018,Electronics,Urban,10,488.95,0.14,2913.66,0,4787.97
90,1018,Electronics,Urban,19,428.13,0.28,4276.49,1,6604.61
17,1035,Grocery,Suburban,21,254.18,0.2,4785.7,1,5093.3
33,1028,Grocery,Suburban,26,305.59,0.02,2466.33,0,8005.28
9,1059,Electronics,Urban,16,121.36,0.14,6069.76,0,2071.61
43,1081,Grocery,Suburban,26,276.46,0.07,4656.9,1,7328.16
48,1001,Electronics,Suburban,23,350.54,0.14,2914.11,0,6961.93
39,1000,Furniture,Suburban,19,262.43,0.14,2829.24,0,4779.52
93,1046,Clothing,Rural,11,495.24,0.17,6651.0,1,5672.05
42,1068,Clothing,Urban,29,309.56,0.11,4428.78,0,8525.69
26,1019,Grocery,Rural,18,191.78,0.05,6785.53,0,3704.84
99,1010,Electronics,Suburban,16,388.35,0.15,7358.23,0,6127.87
50,1001,Electronics,Rural,20,93.53,0.25,6533.67,0,1825.14
25,1066,Grocery,Suburban,13,198.41,0.2,4199.85,1,3046.03
24,1086,Electronics,Rural,19,180.01,0.1,1253.23,0,2963.11
13,1011,Furniture,Suburban,24,221.59,0.28,5469.49,1,4656.6
60,1019,Clothing,Rural,17,393.07,0.27,8137.36,0,5353.7
7,1004,Grocery,Rural,14,247.24,0.06,4946.91,1,4087.93
57,1036,Grocery,Rural,18,399.07,0.01,2015.28,1,7547.09
36,1037,Electronics,Urban,11,292.48,0.22,3987.68,0,2949.64
45,1093,Grocery,Rural,25,177.61,0.25,4724.4,1,4372.13
20,1008,Furniture,Urban,18,406.89,0.29,3353.02,1,5818.93
65,1097,Electronics,Suburban,15,126.76,0.27,1154.07,1,1816.26
8,1052,Electronics,Rural,20,119.95,0.18,4853.22,1,2656.05
16,1043,Electronics,Suburban,21,257.21,0.16,3822.69,1,5427.42
14,1098,Electronics,Suburban,14,137.82,0.01,7659.04,0,2273.82
76,1085,Furniture,Rural,20,14.45,0.07,5151.55,1,1099.53
87,1023,Electronics,Urban,22,327.67,0.14,5704.37,1,6870.04
15,1080,Grocery,Rural,20,260.44,0.19,4821.37,0,4956.05
92,1073,Furniture,Suburban,19,228.3,0.17,5140.6,0,3971.96
98,1029,Clothing,Suburban,25,483.81,0.22,2521.55,1,10390.32
66,1058,Clothing,Rural,19,289.89,0.08,3439.75,0,5437.9
32,1086,Grocery,Urban,23,433.08,0.17,6632.92,0,8690.77
87,1095,Grocery,Urban,22,78.33,0.03,5314.19,0,2018.54
63,1080,Furniture,Suburban,26,288.91,0.12,4402.24,0,6785.32
86,1080,Clothing,Suburban,20,435.31,0.23,5729.26,0,7000.14
51,1013,Clothing,Urban,18,295.72,0.21,5758.79,0,4391.52
25,1008,Clothing,Rural,20,361.83,0.3,7986.34,1,5841.56
58,1039,Clothing,Suburban,20,192.3,0.08,5244.6,1,4817.83
63,1065,Clothing,Urban,25,55.3,0.15,3406.24,0,1501.22
62,1024,Electronics,Suburban,26,234.37,0.1,4826.46,0,6118.72
22,1072,Grocery,Rural,18,203.29,0.13,5911.35,1,3920.28
58,1021,Electronics,Urban,24,434.86,0.26,6493.49,0,7897.47
58,1003,Clothing,Suburban,15,129.56,0.21,2577.45,1,2068.6
86,1025,Furniture,Rural,21,483.7,0.26,5380.56,0,7801.31
49,1057,Furniture,Suburban,22,479.49,0.06,3654.12,1,10705.86
52,1028,Clothing,Rural,21,131.34,0.26,4150.05,1,2818.34
42,1097,Clothing,Rural,22,180.55,0.02,6268.76,0,4151.46
70,1086,Furniture,Urban,21,448.82,0.27,6119.37,0,7303.92
15,1036,Electronics,Rural,17,483.64,0.1,3982.77,0,7733.91
54,1074,Electronics,Suburban,14,227.29,0.09,4763.24,0,3374.29
60,1069,Clothing,Rural,24,167.29,0.15,4195.88,1,4516.6
97,1017,Electronics,Rural,13,267.79,0.28,9337.55,0,3000.61
8,1084,Furniture,Urban,25,347.01,0.01,5417.54,1,9702.47
53,1041,Electronics,Rural,15,144.0,0.11,3740.78,0,2222.63
60,1099,Clothing,Rural,16,370.87,0.26,6983.25,1,5034.8
5,1040,Furniture,Suburban,26,35.31,0.12,7036.19,0,1616.36
68,1037,Electronics,Urban,17,34.15,0.06,7687.51,0,1484.6
6,1033,Grocery,Urban,22,199.28,0.13,8131.99,1,4944.64
96,1016,Furniture,Urban,15,183.2,0.12,6061.57,0,2839.28
94,1036,Furniture,Rural,18,164.66,0.27,4475.22,0,2433.11
47,1024,Grocery,Urban,20,250.6,0.23,4696.07,0,4101.25
99,1075,Grocery,Rural,9,167.16,0.15,4561.89,0,1849.01
55,1086,Furniture,Rural,16,104.21,0.3,4394.37,0,1483.42
40,1085,Grocery,Suburban,27,161.64,0.14,6859.91,1,5031.06
52,1084,Clothing,Suburban,19,487.7,0.02,5001.08,0,9438.0
16,1026,Clothing,Suburban,15,211.45,0.08,6457.13,1,3758.4
13,1056,Clothing,Suburban,19,227.91,0.13,6014.77,0,4047.83
30,1030,Furniture,Suburban,19,292.51,0.05,3352.02,0,5398.66
19,1005,Grocery,Rural,15,491.84,0.28,2424.23,1,6135.91
17,1090,Grocery,Rural,16,128.38,0.23,3145.01,1,2079.99
63,1039,Electronics,Urban,20,343.83,0.08,4359.94,1,6980.8
19,1097,Electronics,Rural,27,360.83,0.18,5201.49,1,9113.75
92,1011,Grocery,Rural,20,307.59,0.22,4027.55,1,5408.87
58,1052,Grocery,Suburban,19,53.4,0.28,6054.6,0,1305.78
55,1070,Grocery,Rural,15,341.67,0.26,4208.47,1,4190.36
90,1009,Furniture,Suburban,19,41.41,0.15,5385.44,1,1828.06
90,1044,Grocery,Urban,13,302.11,0.23,5176.37,0,3128.89
62,1016,Electronics,Urban,17,372.39,0.17,7601.65,0,5559.23
23,1025,Furniture,Rural,18,113.38,0.17,3537.14,1,2606.82
9,1084,Grocery,Urban,18,422.39,0.03,8312.63,1,8444.64
12,1091,Electronics,Rural,14,24.87,0.04,4108.48,1,1318.67
1,1061,Furniture,Urban,16,423.47,0.16,2989.91,0,5685.28
58,1045,Grocery,Suburban,18,235.56,0.08,4674.63,1,4677.24
1,1063,Grocery,Suburban,20,116.62,0.01,9860.21,0,2778.67
34,1001,Grocery,Suburban,16,75.55,0.22,6342.81,0,1137.97
96,1053,Furniture,Suburban,17,477.12,0.01,5904.45,0,8544.33
48,1064,Electronics,Rural,22,45.61,0.18,6192.78,0,1421.05
89,1050,Electronics,Urban,26,107.56,0.16,3845.61,1,3074.02
1,1052,Clothing,Rural,17,180.43,0.29,5489.07,0,2856.79
16,1035,Grocery,Suburban,32,313.92,0.15,5003.75,0,8731.67
61,1025,Clothing,Rural,23,276.95,0.02,7713.6,1,7527.83
64,1028,Clothing,Urban,17,71.57,0.17,4836.97,0,1464.15
63,1020,Electronics,Rural,12,151.97,0.25,4432.59,1,1944.65
69,1010,Furniture,Urban,17,126.99,0.3,3252.8,0,2170.13
22,1039,Furniture,Rural,15,114.64,0.13,5210.02,1,2267.66
93,1010,Electronics,Urban,28,211.46,0.1,5439.43,0,5941.79
67,1035,Furniture,Urban,13,354.98,0.27,3197.62,0,3657.77
76,1058,Clothing,Suburban,21,116.55,0.06,5679.75,1,3259.57
26,1038,Grocery,Urban,20,189.67,0.18,5349.77,0,3658.32
16,1098,Electronics,Suburban,20,201.55,0.12,6520.17,0,4142.46
51,1053,Grocery,Suburban,21,488.46,0.01,6818.55,1,11027.58
86,1097,Furniture,Suburban,11,477.79,0.1,5141.42,0,5193.53
57,1054,Grocery,Rural,16,402.07,0.08,3445.45,0,6282.06
29,1023,Furniture,Rural,19,128.41,0.21,3754.07,1,2757.85
78,1021,Furniture,Rural,27,43.34,0.28,7643.19,1,1784.03
92,1068,Clothing,Rural,23,165.28,0.08,5248.23,1,4402.05
69,1055,Furniture,Urban,15,140.73,0.24,7619.23,1,2978.79
47,1032,Clothing,Urban,18,257.9,0.02,5747.91,1,5377.75
94,1035,Clothing,Rural,25,391.09,0.16,6130.6,0,8860.74
62,1019,Clothing,Urban,23,430.58,0.02,6408.09,1,10501.75
69,1082,Electronics,Urban,17,423.98,0.28,3165.29,0,5271.52
76,1098,Electronics,Suburban,17,186.24,0.23,5460.43,1,3966.18
16,1080,Furniture,Suburban,19,346.74,0.2,3144.5,0,5635.68
90,1061,Clothing,Suburban,14,163.29,0.25,4572.63,0,2156.68
90,1097,Electronics,Suburban,27,39.84,0.19,5960.25,1,1888.36
48,1072,Clothing,Urban,23,353.77,0.29,3462.0,0,6331.62
85,1025,Grocery,Rural,28,14.82,0.21,5839.01,0,801.33
39,1065,Grocery,Urban,21,210.5,0.28,2752.45,1,4083.63
100,1072,Grocery,Urban,27,171.4,0.16,6714.98,1,4611.39
33,1072,Furniture,Urban,18,349.75,0.04,4003.34,1,7040.63
94,1039,Clothing,Suburban,13,385.46,0.16,3459.32,1,4934.84
23,1016,Grocery,Suburban,19,159.01,0.04,2846.97,0,3277.04
10,1000,Electronics,Suburban,23,407.7,0.18,4130.97,0,7652.75
69,1088,Grocery,Rural,22,154.02,0.14,2138.58,0,3247.02
100,1060,Grocery,Urban,13,228.7,0.19,4177.4,0,2268.7
34,1042,Grocery,Rural,21,366.24,0.0,6649.23,0,8068.32
52,1041,Furniture,Suburban,33,349.53,0.06,4716.93,0,10837.16
95,1024,Electronics,Rural,18,493.81,0.15,3233.72,1,8443.59
10,1038,Clothing,Urban,19,120.33,0.29,5339.39,0,2004.08
19,1034,Electronics,Urban,21,334.54,0.12,5206.84,0,6388.48
58,1002,Clothing,Suburban,21,308.74,0.13,7934.91,0,6424.31
96,1043,Furniture,Suburban,20,458.4,0.21,6186.08,1,7972.69
1,1050,Furniture,Rural,18,86.62,0.18,5458.4,1,1545.19
69,1093,Furniture,Suburban,18,378.38,0.09,6357.6,1,7218.47
4,1097,Furniture,Suburban,12,288.45,0.12,4798.43,1,3532.63
16,1011,Clothing,Urban,20,144.59,0.07,4886.88,0,2860.72
24,1018,Grocery,Suburban,16,242.47,0.29,7488.41,0,3125.41
80,1043,Clothing,Suburban,24,173.55,0.04,2546.63,0,3941.12
2,1058,Electronics,Urban,18,293.86,0.11,6451.92,1,5531.49
92,1048,Furniture,Urban,22,445.61,0.01,4833.81,0,9766.02
32,1060,Furniture,Rural,19,288.96,0.07,4562.77,0,5466.54
91,1016,Electronics,Suburban,21,319.54,0.23,4170.66,0,5229.75
84,1073,Clothing,Urban,12,264.19,0.06,5230.51,1,3847.62
24,1056,Grocery,Rural,14,35.07,0.02,4934.71,1,1560.3
12,1054,Grocery,Rural,29,124.1,0.14,4377.95,1,4070.43
50,1046,Electronics,Suburban,12,251.08,0.0,3946.01,0,3293.92
35,1011,Grocery,Suburban,21,162.02,0.03,2142.0,0,3309.7
33,1061,Clothing,Rural,21,99.06,0.24,3914.29,0,1908.55
33,1079,Clothing,Urban,16,257.03,0.23,4231.56,0,3339.04
61,1087,Electronics,Rural,18,168.18,0.27,5226.85,1,3111.45
51,1082,Clothing,Suburban,22,136.47,0.26,7944.63,0,2375.91
43,1007,Furniture,Urban,12,237.35,0.2,4076.07,1,3243.82
12,1094,Electronics,Urban,15,75.31,0.02,3464.4,0,1386.92
67,1020,Clothing,Rural,25,464.6,0.23,3928.26,1,10181.67
65,1080,Electronics,Suburban,19,435.17,0.25,5230.02,0,6823.89
33,1086,Grocery,Rural,26,356.73,0.24,5882.95,0,7556.37
40,1079,Clothing,Rural,16,62.04,0.15,6092.52,1,1723.57
74,1069,Furniture,Rural,16,390.18,0.07,6241.56,1,6572.04
43,1071,Clothing,Urban,28,405.9,0.25,6453.85,0,9135.07
44,1024,Electronics,Urban,22,386.2,0.22,4581.67,0,6910.38
29,1081,Electronics,Suburban,19,65.84,0.29,8079.71,0,1625.84
13,1088,Clothing,Suburban,20,325.51,0.05,4467.85,1,7088.25
12,1011,Furniture,Rural,19,418.82,0.07,5164.01,0,7840.35
95,1014,Furniture,Rural,25,292.9,0.06,6943.74,1,7949.24
46,1058,Furniture,Rural,25,326.74,0.24,5849.64,0,6416.62
2,1025,Electronics,Suburban,25,234.6,0.06,1638.73,0,5490.61
35,1025,Clothing,Urban,18,269.07,0.02,5008.45,0,4885.48
87,1046,Grocery,Urban,20,26.84,0.3,6292.95,0,999.91
81,1031,Electronics,Rural,17,323.09,0.01,2984.79,1,5997.7
90,1009,Furniture,Rural,18,49.91,0.25,6126.04,1,1415.86
8,1015,Clothing,Rural,17,223.16,0.11,5585.23,0,3863.18
93,1070,Furniture,Rural,19,153.4,0.25,6775.88,0,2574.33
26,1016,Grocery,Suburban,18,277.26,0.17,3962.1,0,4364.41
74,1022,Furniture,Urban,19,75.37,0.27,6493.84,1,1876.76
90,1025,Furniture,Rural,22,348.91,0.28,5239.41,0,5423.58
34,1084,Grocery,Suburban,15,399.56,0.0,7649.08,1,6782.48
7,1085,Clothing,Rural,16,90.04,0.02,9179.07,1,2707.09
68,1006,Electronics,Rural,21,61.11,0.08,7307.5,1,2038.14
58,1013,Clothing,Urban,15,81.3,0.2,5720.78,1,1481.54
75,1078,Grocery,Rural,19,439.79,0.27,8481.51,0,6422.36
29,1006,Furniture,Urban,27,268.81,0.14,5905.22,0,6709.0
36,1008,Clothing,Urban,18,238.96,0.18,3638.08,1,4376.96
89,1047,Electronics,Urban,21,62.29,0.06,4941.09,0,1517.8
21,1071,Grocery,Suburban,16,328.28,0.24,6142.51,0,4261.17
36,1058,Clothing,Suburban,14,435.32,0.29,6238.93,0,4458.59
10,1086,Electronics,Urban,19,415.81,0.08,3312.1,1,8107.6
73,1092,Grocery,Rural,18,316.77,0.15,3359.7,0,5282.14
24,1081,Electronics,Urban,21,46.89,0.03,4488.04,0,1537.33
64,1094,Grocery,Rural,24,65.07,0.17,5801.82,0,1464.17
99,1093,Furniture,Urban,19,34.16,0.15,5993.84,0,1224.48
49,1038,Clothing,Rural,21,136.16,0.04,5211.96,0,3094.26
99,1098,Electronics,Suburban,23,76.47,0.13,3748.36,0,1822.9
36,1017,Grocery,Rural,27,137.42,0.1,7605.41,0,3998.29
82,1058,Electronics,Urban,21,198.68,0.16,3391.91,0,3666.12
96,1016,Electronics,Suburban,19,472.06,0.18,6953.51,0,7369.61
24,1013,Clothing,Rural,24,309.08,0.0,6108.23,0,7964.3
23,1030,Furniture,Rural,16,419.14,0.23,6920.5,1,6179.54
62,1023,Electronics,Rural,28,358.07,0.21,4333.35,0,8165.12
96,1098,Grocery,Rural,19,65.13,0.11,4786.02,1,2065.16
37,1059,Grocery,Rural,26,370.6,0.02,5082.56,0,9962.4
12,1044,Furniture,Suburban,16,144.8,0.23,4285.4,1,2295.8
55,1097,Grocery,Suburban,19,323.16,0.29,5337.89,1,5230.83
13,1002,Furniture,Suburban,19,177.07,0.07,7368.63,0,3141.75
23,1036,Grocery,Suburban,15,498.86,0.1,3054.75,1,7462.61
89,1042,Clothing,Urban,24,139.14,0.06,4014.18,1,3865.16
99,1039,Electronics,Suburban,15,146.77,0.17,3851.38,1,2718.24
30,1089,Clothing,Rural,17,466.03,0.05,4858.37,0,7654.69
17,1054,Electronics,Rural,19,22.08,0.11,4796.71,1,1128.91
62,1086,Electronics,Suburban,11,351.38,0.21,6158.47,1,3318.2
84,1038,Electronics,Rural,18,365.41,0.17,5050.58,0,5923.26
89,1014,Clothing,Suburban,15,419.83,0.12,5454.32,1,6396.79
86,1003,Electronics,Rural,17,487.48,0.13,5597.67,1,8107.16
13,1092,Clothing,Urban,27,488.04,0.17,5368.11,1,11506.7
59,1085,Furniture,Urban,16,41.99,0.0,6054.97,0,1154.2
19,1024,Grocery,Suburban,16,412.7,0.02,4816.51,1,7642.51
49,1012,Grocery,Suburban,25,326.69,0.26,7469.55,0,6480.26
100,1081,Electronics,Suburban,25,327.2,0.02,8812.43,1,9187.04
12,1032,Clothing,Rural,15,72.89,0.21,6059.35,1,1592.59
61,1015,Grocery,Suburban,18,328.59,0.28,5341.99,1,5110.25
19,1041,Clothing,Urban,17,491.42,0.08,5936.87,1,8276.38
76,1065,Clothing,Rural,24,456.79,0.11,3348.45,0,10182.08
9,1054,Electronics,Suburban,21,225.17,0.17,5270.16,1,4820.19
71,1098,Grocery,Rural,17,29.57,0.26,3903.01,0,423.28
28,1041,Electronics,Rural,22,187.52,0.28,5764.97,1,3698.19
78,1033,Electronics,Suburban,19,414.93,0.22,3910.46,0,6457.0
95,1029,Grocery,Rural,21,353.73,0.03,4482.83,1,8214.39
52,1012,Grocery,Urban,16,235.08,0.2,2192.04,1,4014.53
83,1012,Furniture,Urban,21,37.0,0.12,3240.13,0,918.94
16,1017,Furniture,Rural,16,219.18,0.14,5532.31,0,3119.6
69,1031,Clothing,Suburban,13,239.82,0.01,3696.73,0,3419.01
99,1095,Grocery,Rural,25,464.99,0.06,6595.66,0,11714.02
12,1098,Furniture,Urban,22,324.13,0.24,3569.17,1,5873.36
25,1038,Clothing,Rural,21,162.71,0.14,5679.88,0,3131.62
52,1045,Clothing,Rural,21,267.41,0.09,3857.19,0,5525.26
85,1028,Clothing,Urban,17,42.37,0.12,5578.2,0,1043.49
100,1061,Furniture,Rural,16,486.56,0.26,2697.82,1,6386.76
53,1092,Grocery,Rural,16,186.43,0.22,4320.23,1,3186.68
23,1061,Electronics,Suburban,23,244.16,0.08,3730.68,1,6148.47
16,1056,Clothing,Suburban,11,184.09,0.04,6324.85,1,2840.57
57,1015,Furniture,Urban,21,344.43,0.08,5693.39,0,7001.86
39,1055,Furniture,Urban,18,334.49,0.28,3151.14,1,5210.35
53,1009,Electronics,Urban,28,360.51,0.17,4695.23,0,8658.91
42,1029,Electronics,Suburban,19,141.39,0.16,3841.52,1,3277.17
58,1024,Furniture,Urban,12,164.68,0.18,6425.39,0,2447.07
39,1083,Grocery,Urban,19,71.37,0.11,6907.29,0,1473.64
14,1004,Electronics,Urban,15,331.2,0.24,2837.53,0,3767.55
95,1064,Furniture,Suburban,21,29.5,0.16,6240.05,0,1006.73
5,1093,Electronics,Rural,20,302.86,0.04,3765.06,0,5846.06
35,1048,Grocery,Urban,13,436.15,0.04,4620.62,1,6013.67
87,1002,Clothing,Rural,18,446.51,0.16,5048.38,0,6693.81
93,1044,Electronics,Urban,19,230.03,0.28,7724.91,0,3556.61
75,1013,Grocery,Rural,23,235.06,0.09,3494.23,0,5187.92
18,1029,Furniture,Suburban,20,47.71,0.26,6252.12,0,1015.24
76,1067,Electronics,Suburban,22,338.67,0.23,3242.74,1,6777.27
9,1017,Electronics,Urban,29,412.42,0.07,3139.11,1,12143.1
74,1061,Furniture,Rural,16,129.88,0.01,5042.7,0,2795.2
58,1036,Clothing,Suburban,22,216.44,0.03,5032.59,0,4979.76
17,1024,Furniture,Urban,18,421.03,0.22,751.52,0,6285.6
7,1047,Electronics,Urban,21,439.79,0.06,6739.39,0,9180.19
46,1064,Furniture,Suburban,14,129.16,0.11,1791.33,1,2340.58
13,1052,Grocery,Suburban,22,279.78,0.15,4781.09,1,5977.46
40,1078,Furniture,Urban,19,104.32,0.22,6991.42,0,1542.96
42,1072,Electronics,Rural,24,59.92,0.03,8313.78,0,2038.08
9,1014,Furniture,Rural,18,456.45,0.12,4455.43,0,7783.77
50,1048,Clothing,Rural,21,412.05,0.15,2850.58,0,7292.5
27,1087,Furniture,Urban,12,382.42,0.16,6935.82,0,4299.64
66,1067,Clothing,Suburban,18,33.9,0.25,6297.73,1,1570.87
5,1011,Grocery,Urban,18,423.43,0.05,4266.51,1,7982.08
29,1058,Clothing,Suburban,13,224.64,0.24,4076.39,0,2761.88
37,1036,Furniture,Rural,13,177.77,0.21,3923.91,1,2593.84
38,1060,Electronics,Rural,20,277.77,0.17,4483.12,1,5330.11
83,1042,Clothing,Suburban,25,54.76,0.21,5474.1,1,2205.27
8,1069,Grocery,Suburban,17,380.76,0.12,4150.98,0,5816.97
65,1038,Clothing,Urban,22,295.39,0.04,4340.63,1,6910.69
86,1055,Clothing,Rural,17,101.43,0.2,5961.92,1,2098.43
17,1062,Clothing,Urban,22,102.23,0.16,2776.38,0,1899.51
71,1045,Grocery,Urban,21,100.28,0.19,4436.1,1,2558.17
89,1087,Furniture,Urban,23,37.93,0.1,2486.09,0,906.87
45,1010,Clothing,Rural,26,298.02,0.27,5162.62,1,6612.27
4,1061,Clothing,Urban,23,421.77,0.18,2090.89,0,7812.2
36,1076,Electronics,Urban,15,18.57,0.03,6335.02,0,462.43
70,1097,Grocery,Urban,17,34.01,0.13,3028.04,1,1264.73
31,1024,Clothing,Urban,22,290.66,0.23,2341.13,1,5934.77
19,1070,Grocery,Urban,15,411.55,0.24,4454.58,0,5090.1
61,1051,Clothing,Urban,32,170.1,0.15,7566.66,0,4987.17
54,1003,Furniture,Rural,20,181.31,0.27,6066.79,1,3252.56
39,1058,Furniture,Urban,20,302.21,0.08,2116.53,1,6136.92
91,1071,Clothing,Suburban,11,144.36,0.12,2985.31,1,2138.17
74,1019,Furniture,Urban,21,23.04,0.27,4406.6,1,701.99
90,1092,Clothing,Urban,16,370.26,0.27,8357.53,0,4599.84
19,1062,Furniture,Rural,25,316.57,0.21,3591.57,0,6384.32
39,1053,Electronics,Rural,20,294.57,0.26,3603.67,0,4588.34
67,1073,Electronics,Suburban,16,373.43,0.03,7291.14,1,6749.32
45,1097,Electronics,Suburban,21,340.86,0.26,5292.36,1,6039.41
13,1056,Grocery,Rural,25,110.88,0.1,6579.5,0,3024.95
92,1089,Grocery,Rural,23,182.72,0.05,3909.35,0,4312.84
58,1040,Electronics,Urban,22,71.79,0.07,4847.55,0,1737.19
20,1002,Grocery,Rural,15,73.63,0.13,6973.45,0,1538.3
92,1005,Furniture,Suburban,21,341.34,0.08,4782.74,0,7046.21
72,1004,Clothing,Urban,27,430.71,0.1,6684.58,0,10609.72
61,1004,Clothing,Suburban,17,481.74,0.04,5580.9,1,8734.64
39,1053,Clothing,Urban,24,317.89,0.09,3440.56,0,7392.8
1,1046,Electronics,Rural,18,100.21,0.17,4975.52,0,2057.41
3,1086,Grocery,Suburban,19,61.77,0.13,6472.08,0,1518.84
77,1048,Furniture,Urban,19,408.3,0.1,6004.12,0,7335.48
92,1008,Furniture,Urban,29,293.59,0.22,4939.62,0,7072.25
62,1098,Electronics,Rural,14,312.96,0.27,2162.43,0,3568.13
63,1019,Furniture,Rural,33,392.92,0.23,2306.01,0,10222.56
25,1060,Furniture,Rural,11,354.61,0.1,2625.04,1,4287.61
56,1034,Furniture,Suburban,20,418.88,0.22,4234.34,0,6796.28
33,1049,Furniture,Urban,19,37.54,0.05,4434.32,1,1231.96
38,1081,Grocery,Rural,19,376.29,0.04,2786.88,1,7568.0
6,1061,Furniture,Suburban,26,426.92,0.1,6533.77,1,10781.19
58,1016,Clothing,Suburban,18,150.21,0.24,3104.35,0,2175.31
44,1087,Electronics,Suburban,19,323.82,0.07,2944.16,0,6255.87
45,1002,Grocery,Rural,29,163.94,0.02,5132.35,0,5206.1
32,1031,Furniture,Rural,30,479.41,0.04,6460.86,0,13891.35
45,1098,Grocery,Urban,20,26.38,0.26,8082.28,0,677.56
61,1012,Furniture,Urban,21,294.1,0.19,5873.82,0,5323.62
47,1088,Clothing,Rural,18,91.59,0.08,7369.74,0,1857.09
21,1072,Electronics,Suburban,18,358.99,0.17,3181.92,0,5685.89
80,1067,Furniture,Suburban,23,96.19,0.16,8239.61,0,2121.65
85,1013,Furniture,Suburban,11,125.34,0.2,2207.77,0,1505.09
75,1097,Furniture,Urban,21,252.24,0.07,4244.24,1,5729.66
36,1010,Furniture,Suburban,21,458.27,0.26,5840.98,0,7445.46
99,1055,Electronics,Urban,24,113.74,0.09,2592.17,0,2710.83
19,1066,Electronics,Urban,12,80.68,0.21,3609.42,0,961.82
20,1091,Clothing,Suburban,27,381.9,0.0,3371.12,1,10673.73
57,1028,Electronics,Suburban,17,255.3,0.11,4534.67,0,4191.81
18,1008,Furniture,Rural,15,456.77,0.11,7132.37,0,6490.35
47,1066,Clothing,Rural,21,81.84,0.16,5025.24,1,2104.03
49,1024,Clothing,Suburban,29,326.5,0.02,4305.4,0,9813.89
14,1097,Clothing,Urban,21,124.11,0.24,673.51,1,2748.36
15,1075,Furniture,Urban,12,86.81,0.07,5700.13,1,2341.58
31,1041,Grocery,Urban,22,344.88,0.2,6185.02,1,7146.1
1,1008,Furniture,Urban,24,300.91,0.24,2449.97,1,6082.41
54,1078,Electronics,Urban,29,379.87,0.17,4899.54,0,9307.29
3,1039,Electronics,Rural,15,161.64,0.22,5289.51,1,2656.8
16,1024,Furniture,Suburban,20,229.51,0.2,6446.9,1,4461.18
87,1004,Furniture,Rural,29,208.68,0.11,3912.85,0,5703.43
57,1010,Clothing,Urban,20,492.2,0.24,3686.96,0,7458.03
75,1058,Furniture,Urban,30,153.2,0.09,4315.25,0,4627.58
12,1097,Clothing,Urban,25,154.46,0.17,6926.66,1,4169.62
74,1087,Electronics,Urban,14,183.73,0.22,6565.77,0,2541.11
96,1078,Clothing,Suburban,22,286.65,0.11,4967.98,1,6232.18
16,1037,Furniture,Urban,27,133.64,0.09,6529.66,1,4259.36
72,1071,Electronics,Suburban,16,458.49,0.14,1446.96,0,6741.01
76,1004,Grocery,Urban,25,140.19,0.25,6187.48,0,2865.84
24,1047,Clothing,Suburban,18,448.95,0.28,3321.85,0,5906.91
28,1089,Electronics,Rural,21,60.7,0.16,7650.54,0,1695.67
8,1017,Clothing,Urban,22,331.72,0.2,3403.63,0,5914.64
92,1069,Electronics,Suburban,21,454.42,0.27,3720.86,0,7205.64
36,1036,Electronics,Rural,31,92.69,0.03,5843.64,1,3974.52
90,1059,Clothing,Urban,21,484.48,0.07,5988.43,1,10186.58
8,1047,Grocery,Urban,22,231.91,0.21,4330.5,0,4656.01
58,1076,Electronics,Urban,15,473.4,0.25,5557.11,1,6136.45
60,1027,Electronics,Suburban,21,341.64,0.26,5743.07,1,5972.0
50,1068,Electronics,Suburban,20,157.78,0.12,5589.67,1,3777.15
28,1076,Grocery,Rural,22,102.27,0.03,4393.17,1,3023.65
92,1080,Grocery,Suburban,19,158.83,0.13,5757.82,1,3515.99
41,1039,Furniture,Suburban,15,55.58,0.07,7109.56,1,1577.08
100,1044,Clothing,Urban,18,80.5,0.09,3161.77,0,1596.77
64,1095,Grocery,Urban,19,61.28,0.23,3739.91,0,770.0
27,1061,Clothing,Urban,20,217.24,0.02,5040.88,0,4653.7
63,1092,Furniture,Urban,25,399.83,0.25,3415.66,1,8527.05
17,1057,Clothing,Urban,20,79.28,0.13,2294.89,0,1241.13
73,1066,Grocery,Urban,12,73.86,0.18,6639.68,0,1077.41
33,1055,Clothing,Urban,21,325.28,0.03,1656.82,0,6633.87
84,1039,Grocery,Rural,10,106.62,0.1,4396.43,1,1477.19
77,1097,Clothing,Rural,9,57.83,0.03,6138.42,0,501.2
92,1039,Grocery,Rural,20,91.76,0.29,5400.05,1,1936.83
29,1090,Grocery,Rural,25,462.63,0.24,4419.13,0,9062.45
13,1076,Clothing,Urban,12,412.52,0.14,3353.84,0,4754.73
46,1032,Furniture,Rural,14,183.49,0.07,5515.8,0,2460.29
35,1005,Electronics,Urban,20,331.35,0.28,3517.41,1,5606.19
6,1087,Furniture,Rural,14,273.27,0.1,5398.9,1,4357.08
82,1018,Clothing,Suburban,21,341.79,0.05,5211.38,1,8013.67
69,1079,Furniture,Rural,22,344.51,0.17,5226.55,1,7266.29
47,1039,Grocery,Rural,20,318.08,0.28,4039.52,1,5508.05
25,1091,Electronics,Urban,15,140.39,0.0,8052.51,0,2748.34
66,1096,Clothing,Rural,31,29.11,0.07,5537.31,0,1031.26
10,1058,Clothing,Suburban,23,233.23,0.28,4581.94,1,4576.82
56,1058,Clothing,Urban,18,446.58,0.05,5396.41,1,8729.71
30,1047,Electronics,Urban,13,289.05,0.03,3838.31,0,3526.68
5,1040,Grocery,Rural,24,417.87,0.17,4420.54,1,9008.54
33,1012,Clothing,Urban,21,495.9,0.26,8587.88,0,7969.52
65,1044,Furniture,Urban,28,90.17,0.14,3848.93,1,3010.59
18,1088,Clothing,Urban,17,348.97,0.3,4883.34,0,4412.59
96,1052,Clothing,Urban,25,340.4,0.2,4315.84,1,7748.99
49,1041,Clothing,Urban,19,490.18,0.02,3440.55,1,9877.38
11,1099,Clothing,Urban,24,492.94,0.3,5631.63,0,8353.76
85,1062,Grocery,Suburban,23,346.47,0.12,5054.71,0,7065.31
26,1026,Furniture,Rural,21,129.37,0.09,6366.54,1,3389.38
63,1037,Grocery,Suburban,14,401.29,0.17,6215.87,1,5419.56
89,1059,Furniture,Urban,21,62.44,0.09,6351.06,0,1504.25
86,1006,Clothing,Urban,14,392.54,0.03,3622.69,1,6299.51
59,1004,Electronics,Rural,19,456.0,0.0,5961.44,0,9213.88
27,1044,Grocery,Suburban,18,197.59,0.13,5997.91,0,3853.7
49,1057,Electronics,Rural,20,319.01,0.25,3468.41,1,5495.3
77,1030,Grocery,Suburban,18,220.77,0.17,4522.08,0,3496.18
33,1022,Clothing,Urban,21,224.5,0.3,2815.83,0,3624.58
98,1041,Grocery,Rural,20,162.08,0.09,6004.43,1,3737.92
99,1009,Clothing,Rural,21,383.44,0.08,5997.53,0,7702.33
1,1031,Grocery,Urban,23,468.73,0.05,7145.54,0,10658.61
21,1052,Clothing,Rural,18,470.97,0.05,4656.8,0,8716.98
55,1029,Clothing,Suburban,21,95.64,0.09,5677.2,0,2352.33
6,1038,Furniture,Suburban,23,438.62,0.24,6481.6,1,8752.92
92,1030,Clothing,Suburban,24,371.34,0.27,3869.16,0,7120.91
81,1081,Furniture,Suburban,21,133.89,0.29,3641.05,1,2958.86
69,1099,Clothing,Urban,14,42.97,0.07,3915.67,0,628.97
95,1001,Electronics,Rural,19,141.32,0.26,4476.06,1,2988.24
5,1077,Clothing,Suburban,20,456.98,0.1,3694.17,0,8713.2
3,1076,Electronics,Urban,17,320.26,0.03,3980.26,1,6210.47
53,1092,Electronics,Rural,29,363.32,0.26,6321.37,0,8173.83
23,1011,Clothing,Rural,20,136.0,0.19,4855.48,0,2655.24
53,1038,Electronics,Urban,22,362.5,0.05,5460.05,0,7945.2
37,1065,Furniture,Urban,19,23.78,0.13,4173.92,0,506.16
74,1095,Grocery,Suburban,27,193.91,0.09,4075.45,1,5422.21
74,1012,Clothing,Rural,21,317.11,0.22,5428.33,1,6206.42
83,1045,Electronics,Rural,21,81.59,0.14,5189.09,0,1651.81
17,1026,Clothing,Urban,19,413.27,0.3,6166.98,1,6242.53
85,1016,Furniture,Rural,27,125.17,0.02,6952.39,0,3910.29
78,1094,Clothing,Suburban,15,329.62,0.11,3962.88,0,4725.33
73,1097,Clothing,Rural,15,208.55,0.14,6291.78,1,3720.32
1,1059,Electronics,Urban,17,302.06,0.15,3380.29,1,4887.98
51,1063,Furniture,Urban,21,62.65,0.09,8110.67,1,2312.66
45,1087,Grocery,Suburban,21,18.29,0.22,3820.54,0,458.61
77,1034,Grocery,Suburban,13,455.69,0.26,6035.95,0,4582.16
4,1069,Electronics,Rural,20,142.12,0.28,3369.14,1,2713.92
62,1082,Clothing,Rural,17,411.64,0.24,4771.86,0,5929.39
65,1029,Electronics,Urban,25,499.68,0.26,7318.6,1,10137.12
32,1070,Electronics,Suburban,22,113.6,0.17,3773.44,1,3303.29
34,1073,Electronics,Suburban,26,139.93,0.25,8306.28,1,3331.51
92,1095,Clothing,Suburban,21,334.8,0.09,4992.09,1,6938.38
95,1097,Furniture,Rural,17,483.07,0.12,6463.57,1,8414.74
72,1062,Electronics,Suburban,10,458.75,0.1,5604.42,1,5324.09
39,1027,Clothing,Urban,27,256.41,0.14,5685.56,0,6165.43
26,1059,Furniture,Urban,16,399.6,0.09,2860.83,0,6075.0
34,1078,Electronics,Rural,26,76.52,0.29,4290.72,1,2369.53
54,1093,Grocery,Rural,22,488.94,0.09,6793.96,1,10682.4
3,1036,Furniture,Suburban,17,482.53,0.03,4483.52,1,8811.07
50,1092,Electronics,Rural,17,90.23,0.16,5208.25,0,1651.08
12,1021,Furniture,Urban,24,156.72,0.02,2678.87,1,4123.71
65,1067,Furniture,Suburban,32,59.08,0.03,4193.63,1,2574.59
54,1019,Furniture,Urban,14,143.14,0.07,6684.56,1,2800.38
5,1095,Furniture,Suburban,23,409.82,0.14,3076.06,0,8380.67
94,1099,Furniture,Rural,16,195.37,0.13,6075.62,1,3277.23
94,1067,Furniture,Suburban,17,53.31,0.24,5266.67,0,1202.84
57,1090,Electronics,Suburban,22,177.69,0.22,4646.07,0,3407.36
17,1063,Grocery,Urban,16,490.88,0.13,4580.11,1,7450.98
47,1016,Clothing,Urban,17,318.54,0.1,4263.46,0,5546.65
23,1011,Furniture,Suburban,18,213.92,0.09,4397.04,0,3754.54
79,1021,Clothing,Rural,18,91.6,0.23,6394.61,0,1632.98
85,1016,Electronics,Rural,11,493.23,0.02,4351.93,1,6262.96
14,1009,Furniture,Urban,13,412.22,0.0,7711.39,0,6221.23
66,1064,Grocery,Rural,17,147.92,0.24,5449.3,1,2919.8
75,1021,Clothing,Urban,26,44.33,0.14,4135.61,1,1963.22
51,1089,Furniture,Rural,24,37.75,0.04,6460.05,1,1592.44
38,1081,Electronics,Suburban,22,68.99,0.07,5935.84,0,1825.72
64,1049,Grocery,Urban,20,294.58,0.28,2518.74,1,4861.44
98,1013,Clothing,Urban,20,465.09,0.26,3448.29,0,7296.57
38,1063,Clothing,Suburban,17,253.4,0.21,4826.87,0,3903.9
50,1046,Furniture,Urban,26,423.04,0.14,2624.59,0,10017.05
98,1028,Grocery,Rural,30,228.48,0.16,8135.79,0,5832.82
82,1075,Grocery,Rural,22,357.21,0.29,6233.35,1,6365.17
30,1035,Grocery,Urban,17,368.62,0.29,4980.0,1,5558.29
79,1098,Grocery,Rural,14,95.24,0.06,4485.94,0,1297.35
91,1051,Electronics,Urban,23,187.0,0.24,4100.5,1,4234.92
51,1075,Grocery,Suburban,15,322.28,0.06,2053.95,1,5473.65
63,1006,Clothing,Urban,23,44.64,0.06,2400.69,1,1679.48
98,1028,Clothing,Suburban,25,187.15,0.2,7851.68,0,3951.29
52,1010,Electronics,Rural,15,272.05,0.12,7360.4,1,4534.78
38,1032,Clothing,Suburban,21,498.15,0.28,4136.33,0,8130.58
97,1005,Clothing,Rural,23,242.52,0.03,6362.0,1,6636.52
88,1078,Grocery,Urban,21,409.87,0.15,5759.63,0,7745.74
79,1031,Clothing,Rural,23,221.71,0.28,5936.43,0,3872.89
30,1050,Electronics,Urban,25,400.23,0.27,2862.23,0,7894.99
51,1074,Grocery,Urban,23,301.75,0.05,2287.73,1,7471.81
81,1057,Furniture,Suburban,26,444.43,0.11,6773.89,0,10540.5
5,1086,Grocery,Suburban,13,211.36,0.19,2031.05,1,2995.68
29,1025,Electronics,Suburban,26,306.11,0.05,4777.71,0,7959.15
4,1097,Grocery,Suburban,31,318.71,0.29,4448.45,1,7709.87
10,1045,Grocery,Rural,22,214.52,0.27,4309.77,0,3830.3
56,1097,Electronics,Rural,17,80.71,0.05,5471.68,1,2398.29
17,1028,Grocery,Rural,18,55.84,0.04,3983.61,0,1204.85
74,1003,Electronics,Urban,18,18.17,0.03,5593.6,0,938.58
17,1080,Electronics,Rural,20,438.03,0.27,5211.73,0,6404.75
84,1098,Furniture,Rural,26,125.87,0.06,8148.1,1,4527.32
88,1012,Clothing,Rural,20,113.64,0.12,2921.89,0,2257.63
69,1038,Clothing,Suburban,12,370.66,0.13,5043.9,0,4436.49
34,1014,Grocery,Rural,21,166.81,0.18,5647.02,0,3298.54
6,1028,Grocery,Urban,19,257.96,0.02,4615.4,0,4969.28
53,1028,Furniture,Suburban,22,89.63,0.07,2994.39,1,2576.27
66,1074,Furniture,Urban,19,480.28,0.28,6885.65,0,6632.62
77,1031,Furniture,Rural,24,427.27,0.27,5505.4,0,7998.72
43,1001,Electronics,Suburban,17,433.26,0.23,3099.65,1,6465.11
75,1046,Furniture,Urban,28,209.32,0.01,5658.0,1,6646.94
23,1077,Furniture,Rural,10,383.56,0.1,7552.35,1,4580.2
55,1083,Grocery,Urban,19,80.5,0.19,4945.53,0,1593.68
80,1021,Furniture,Urban,25,14.22,0.08,4996.68,1,1298.26
95,1074,Electronics,Urban,15,19.79,0.27,7352.01,1,1376.76
75,1026,Electronics,Rural,12,297.43,0.19,3544.42,1,3558.39
16,1066,Grocery,Rural,28,233.14,0.02,7591.33,0,6709.85
8,1080,Furniture,Urban,14,263.83,0.27,6459.37,0,2774.8
4,1055,Furniture,Suburban,18,13.66,0.29,3613.67,0,479.77
4,1091,Electronics,Suburban,22,217.12,0.02,3997.6,1,5571.41
56,1092,Furniture,Rural,13,361.85,0.16,4212.78,0,3997.32
25,1020,Furniture,Rural,10,226.92,0.09,2249.65,1,3061.53
67,1046,Furniture,Rural,24,368.79,0.12,5390.71,1,8493.91
96,1079,Clothing,Rural,19,124.18,0.05,3681.58,1,2604.83
67,1058,Grocery,Rural,20,408.44,0.17,5444.83,0,7451.31
27,1083,Clothing,Suburban,26,298.33,0.29,3063.59,1,5865.75
93,1005,Grocery,Rural,24,113.27,0.15,6384.52,1,3422.77
32,1018,Electronics,Urban,16,125.99,0.02,6106.44,0,2525.07
50,1056,Furniture,Urban,13,317.73,0.19,3941.18,1,4206.67
61,1068,Grocery,Suburban,18,416.67,0.1,5539.47,1,7522.47
51,1002,Clothing,Urban,19,213.66,0.26,5124.38,1,3960.84
19,1000,Furniture,Suburban,25,136.57,0.13,7223.45,0,3641.27
21,1057,Electronics,Suburban,25,434.84,0.06,3451.28,1,10794.14
5,1037,Grocery,Urban,17,337.94,0.06,4771.55,0,5934.13
82,1014,Grocery,Rural,16,229.56,0.23,4038.97,0,3316.3
92,1033,Grocery,Urban,15,249.07,0.08,5067.23,1,4349.14
42,1060,Furniture,Urban,17,110.09,0.23,5799.91,1,2223.48
61,1034,Clothing,Suburban,18,317.13,0.06,4022.29,1,6354.05
22,1063,Clothing,Urban,27,185.78,0.1,4453.84,1,5438.81
21,1024,Grocery,Suburban,18,497.87,0.14,6449.06,0,7926.29
70,1023,Electronics,Rural,30,245.29,0.28,7035.99,0,5676.59
1,1011,Electronics,Rural,17,248.08,0.28,5740.27,1,4087.32
5,1017,Clothing,Rural,17,287.27,0.06,4793.06,0,4953.14
12,1014,Electronics,Urban,24,459.21,0.11,4650.35,1,10858.44
90,1079,Clothing,Suburban,22,402.4,0.04,5822.19,1,9321.47
46,1026,Grocery,Rural,21,231.05,0.15,5341.65,1,4791.35
34,1071,Clothing,Suburban,31,362.16,0.14,2526.54,1,10820.23
49,1059,Clothing,Suburban,26,297.26,0.27,5858.58,0,5698.74
78,1045,Grocery,Rural,25,251.26,0.28,3709.15,0,4708.17
90,1088,Electronics,Rural,20,104.23,0.12,2874.6,1,2634.13
45,1016,Clothing,Suburban,16,237.33,0.15,2497.48,1,4149.78
27,1092,Clothing,Rural,17,130.45,0.27,4675.84,0,2081.97
73,1052,Grocery,Suburban,18,458.27,0.24,3475.21,0,7005.15
26,1007,Electronics,Suburban,15,174.35,0.0,1510.46,0,2767.25
47,1078,Clothing,Rural,15,476.61,0.1,4462.32,1,7082.75
86,1026,Grocery,Urban,20,271.2,0.13,4264.14,0,4988.15
56,1045,Clothing,Rural,23,319.46,0.07,4775.15,1,7608.01
94,1049,Furniture,Urban,15,276.04,0.06,4056.65,1,4681.34
63,1070,Grocery,Suburban,13,73.4,0.01,7743.99,0,1235.36
48,1002,Electronics,Suburban,19,194.15,0.19,5776.01,1,4033.58
61,1092,Electronics,Urban,30,58.58,0.08,4250.58,0,2003.5
81,1063,Electronics,Suburban,9,315.25,0.02,4904.56,1,3372.96
26,1043,Electronics,Urban,18,228.97,0.07,7121.96,1,4982.66
36,1052,Clothing,Urban,18,391.21,0.24,6434.93,1,6111.2
1,1023,Clothing,Suburban,15,118.03,0.26,2905.68,1,1818.85
8,1059,Electronics,Urban,26,90.64,0.14,3538.56,1,2821.1
99,1002,Electronics,Rural,24,209.1,0.12,3827.23,1,4855.98
52,1019,Electronics,Rural,18,464.03,0.29,4340.45,0,6365.23
79,1045,Clothing,Suburban,22,358.11,0.06,4106.87,0,7143.29
47,1014,Electronics,Suburban,14,215.27,0.06,5051.01,1,3479.63
56,1024,Electronics,Urban,25,263.46,0.09,6103.58,0,6713.92
86,1093,Furniture,Urban,14,51.26,0.05,6353.99,1,1462.13
14,1077,Furniture,Urban,16,492.44,0.11,4509.8,0,7235.52
90,1070,Electronics,Urban,22,336.54,0.27,2547.96,0,5886.96
28,1016,Grocery,Rural,23,149.85,0.18,3439.39,1,3439.57
87,1083,Electronics,Rural,25,297.05,0.12,4220.34,0,6998.8
78,1099,Furniture,Suburban,20,63.65,0.28,3132.45,1,1908.02
88,1008,Grocery,Urban,15,483.26,0.01,6711.29,0,7707.68
2,1037,Grocery,Urban,26,95.64,0.06,3230.69,1,2810.0
26,1047,Electronics,Suburban,22,327.53,0.17,5925.59,0,6256.18
14,1059,Furniture,Urban,23,130.27,0.18,2477.18,1,3723.48
59,1062,Furniture,Urban,11,361.61,0.01,5985.8,0,4239.12
56,1085,Grocery,Urban,16,390.64,0.12,4791.1,1,6937.03
7,1001,Electronics,Urban,12,339.98,0.19,7268.8,0,4109.84
3,1087,Clothing,Urban,17,311.1,0.21,3302.66,1,5047.02
23,1071,Clothing,Suburban,27,447.31,0.19,4153.83,0,10149.81
18,1010,Furniture,Urban,20,48.53,0.1,4444.35,1,1602.79
38,1063,Clothing,Suburban,16,172.15,0.03,4771.25,0,2992.55
99,1076,Furniture,Urban,21,131.66,0.13,4481.03,1,3091.73
15,1080,Furniture,Rural,21,494.13,0.04,4509.98,1,10774.43
64,1071,Furniture,Rural,15,200.8,0.28,4485.41,1,2720.47
89,1020,Clothing,Rural,27,368.98,0.14,1893.23,1,8979.22
28,1017,Furniture,Rural,18,345.52,0.1,6490.0,0,6282.13
74,1093,Grocery,Suburban,18,113.92,0.23,9291.7,0,1821.05
39,1063,Electronics,Suburban,23,127.11,0.15,5447.41,0,3034.6
57,1081,Electronics,Urban,26,147.83,0.09,3296.37,1,3883.6
17,1094,Furniture,Rural,16,211.45,0.24,3448.19,1,3469.57
86,1037,Electronics,Suburban,16,124.82,0.26,5919.76,1,2332.34
90,1031,Clothing,Urban,28,19.63,0.2,5578.2,1,1582.89
44,1010,Clothing,Urban,18,440.9,0.01,4573.56,1,8619.12
25,1044,Electronics,Suburban,19,483.15,0.17,6130.11,0,7623.87
17,1088,Clothing,Rural,18,177.37,0.23,1904.17,0,2615.95
13,1032,Electronics,Urban,21,175.87,0.04,6131.09,0,3984.03
84,1040,Electronics,Rural,25,13.47,0.07,5356.64,1,1154.61
25,1007,Electronics,Rural,19,343.32,0.26,3506.08,1,5717.4
68,1010,Furniture,Rural,18,414.47,0.01,2850.01,1,8015.48
10,1085,Electronics,Urban,29,81.84,0.23,5181.99,1,2433.91
67,1050,Furniture,Rural,23,88.24,0.14,7110.86,1,2501.0
18,1087,Electronics,Urban,25,397.14,0.13,4657.86,1,9367.53
100,1040,Electronics,Rural,10,311.98,0.0,3720.97,1,3800.98
86,1016,Electronics,Urban,22,31.98,0.25,5286.93,0,1373.24
